[
    {
      "templateName": "Console Application",
      "shortName": "console",
      "language": "C#,F#,VB",
      "tags": "Common/Console",
      "enabled":true
    },
    {
      "templateName": "Class library",
      "shortName": "classlib",
      "language": "C#,F#,VB",
      "tags": "Common/Library",
      "enabled":true
    },
    {
      "templateName": "WPF Application",
      "shortName": "wpf",
      "language": "C#,VB",
      "tags": "Common/WPF",
      "enabled":true
    },
    {
      "templateName": "WPF Class library",
      "shortName": "wpflib",
      "language": "C#,VB",
      "tags": "Common/WPF",
      "enabled":true
    },
    {
      "templateName": "WPF Custom Control Library",
      "shortName": "wpfcustomcontrollib",
      "language": "C#,VB",
      "tags": "Common/WPF",
      "enabled":true
    },
    {
      "templateName": "WPF User Control Library",
      "shortName": "wpfusercontrollib",
      "language": "C#,VB",
      "tags": "Common/WPF",
      "enabled":true
    },
    {
      "templateName": "Windows Forms App",
      "shortName": "winforms",
      "language": "C#,VB",
      "tags": "Common/WinForms",
      "enabled":true
    },
    {
      "templateName": "Windows Forms Control Library",
      "shortName": "winformscontrollib",
      "language": "C#,VB",
      "tags": "Common/WinForms",
      "enabled":true
    },
    {
      "templateName": "Windows Forms Class Library",
      "shortName": "winformslib",
      "language": "C#,VB",
      "tags": "Common/WinForms",
      "enabled":true
    },
    {
      "templateName": "Worker Service",
      "shortName": "worker",
      "language": "C#,F#",
      "tags": "Common/Worker/Web",
      "enabled":false
    },
    {
      "templateName": "MSTest Test Project",
      "shortName": "mstest",
      "language": "C#,F#,VB",
      "tags": "Test/MSTest",
      "enabled":true
    },
    {
      "templateName": "NUnit 3 Test Project",
      "shortName": "nunit",
      "language": "C#,F#,VB",
      "tags": "Test/NUnit",
      "enabled":true
    },
    {
      "templateName": "NUnit 3 Test Item",
      "shortName": "nunit-test",
      "language": "C#,F#,VB",
      "tags": "Test/NUnit",
      "enabled":true
    },
    {
      "templateName": "xUnit Test Project",
      "shortName": "xunit",
      "language": "C#,F#,VB",
      "tags": "Test/xUnit",
      "enabled":true
    },
    {
      "templateName": "Razor Component",
      "shortName": "razorcomponent",
      "language": "C#",
      "tags": "Web/ASP.NET",
      "enabled":true
    },
    {
      "templateName": "Razor Page",
      "shortName": "page",
      "language": "C#",
      "tags": "Web/ASP.NET",
      "enabled":true
    },
    {
      "templateName": "MVC ViewImports",
      "shortName": "viewimports",
      "language": "C#",
      "tags": "Web/ASP.NET",
      "enabled":true
    },
    {
      "templateName": "MVC ViewStart",
      "shortName": "viewstart",
      "language": "C#",
      "tags": "Web/ASP.NET",
      "enabled":true
    },
    {
      "templateName": "Blazor Server App",
      "shortName": "blazorserver",
      "language": "C#",
      "tags": "Web/Blazor",
      "enabled":true
    },
    {
      "templateName": "Blazor WebAssembly App",
      "shortName": "blazorwasm",
      "language": "C#",
      "tags": "Web/Blazor/WebAssembly",
      "enabled":true
    },
    {
      "templateName": "ASP.NET Core Empty",
      "shortName": "web",
      "language": "C#,F#",
      "tags": "Web/Empty",
      "enabled":true
    },
    {
      "templateName": "ASP.NET Core Web App (Model-View-Controller)",
      "shortName": "mvc",
      "language": "C#,F#",
      "tags": "Web/MVC",
      "enabled":true
    },
    {
      "templateName": "ASP.NET Core Web App",
      "shortName": "webapp",
      "language": "C#",
      "tags": "Web/MVC/Razor Pages",
      "enabled":true
    },
    {
      "templateName": "ASP.NET Core with Angular",
      "shortName": "angular",
      "language": "C#",
      "tags": "Web/MVC/SPA",
      "enabled":true
    },
    {
      "templateName": "ASP.NET Core with React.js",
      "shortName": "react",
      "language": "C#",
      "tags": "Web/MVC/SPA",
      "enabled":true
    },
    {
      "templateName": "ASP.NET Core with React.js and Redux",
      "shortName": "reactredux",
      "language": "C#",
      "tags": "Web/MVC/SPA",
      "enabled":true
    },
    {
      "templateName": "Razor Class Library",
      "shortName": "razorclasslib",
      "language": "C#",
      "tags": "Web/Razor/Library",
      "enabled":true
    },
    {
      "templateName": "ASP.NET Core Web API",
      "shortName": "webapi",
      "language": "C#,F#",
      "tags": "Web/WebAPI",
      "enabled":true
    },
    {
      "templateName": "ASP.NET Core gRPC Service",
      "shortName": "grpc",
      "language": "C#",
      "tags": "Web/gRPC",
      "enabled":true
    },
    {
      "templateName": "dotnet gitignore file",
      "shortName": "gitignore",
      "language": "",
      "tags": "Config",
      "enabled":false
    },
    {
      "templateName": "global.json file",
      "shortName": "globaljson",
      "language": "",
      "tags": "Config",
      "enabled":false
    },
    {
      "templateName": "NuGet Config",
      "shortName": "nugetconfig",
      "language": "",
      "tags": "Config",
      "enabled":false
    },
    {
      "templateName": "Dotnet local tool manifest file",
      "shortName": "tool-manifest",
      "language": "",
      "tags": "Config",
      "enabled":false
    },
    {
      "templateName": "Web Config",
      "shortName": "webconfig",
      "language": "",
      "tags": "Config",
      "enabled":false
    },
    {
      "templateName": "Solution File",
      "shortName": "sln",
      "language": "",
      "tags": "Solution",
      "enabled":false
    },
    {
      "templateName": "Protocol Buffer File",
      "shortName": "proto",
      "language": "",
      "tags": "Web/gRPC",
      "enabled":false
    }
  ] 